product_key,name,transition,old_recipe_id,new_recipe_id,old_candidate,new_candidate,review_reasons
perekrestok:2157530,"Лазанья мясная Золотой Петушок, 370г",matched->review,foodru_31347,,Лазанья с мясом,Лазанья с мясом,mixed_ingredient_group
perekrestok:3454946,"Чебуреки Горячая штучка со свининой и говядиной, 360г",review->matched,,foodru_237016,Чебуреки с фаршем из свинины и говядины,Чебуреки с фаршем из свинины и говядины,
perekrestok:3653170,"Торт Топ Шеф Миндальный замороженный, 350г",review->matched,,foodru_180060,Торт миндальный,Торт миндальный,
perekrestok:4133219,"Винегрет овощной с маслом Перекрёсток Select, 500г",review->matched,,foodru_207474,Винегрет с овощами на оливковом масле,Винегрет с овощами на оливковом масле,
perekrestok:4221854,"Жареный рис по-азиатски с креветками Перекрёсток Select, 250г",review->matched,,foodru_116791,Рис с креветками и карри по-азиатски,Рис по-азиатски,
perekrestok:4261613,"Шпроты в масле из Балтийской кильки Маркет, 160г",review->matched,,foodru_157992,Вкусные домашние шпроты из кильки,Вкусные домашние шпроты из кильки,
perekrestok:4371075,"Хашбраун Зимняя Радуга картофельный жареный замороженный, 400г",review->matched,,foodru_43818,Хашбраун (картофельные оладьи),Хашбраун (картофельные оладьи),
perekrestok:4396957,"Чебупели Горячая Штучка сочные с мясом, 240г",matched->review,foodru_1488,,Фарш для пельменей,Фарш для пельменей,component_recipe_not_whole_dish
perekrestok:4401909,"Курица терияки на рисе Перекрёсток Select, 215г",review->matched,,foodru_103540,Нежная курочка терияки с рисом,Нежная курочка терияки с рисом,
perekrestok:4402245,"Спаржа с морковью по-корейски Перекрёсток Select, 200г",matched->matched,foodru_55726,foodru_89008,Спаржа по-корейски с морковью,Салат из спаржи с морковью по-корейски,
perekrestok:4410398,"Клаб Сэндвич двойной с бужениной Перекрёсток Select, 180г",review->matched,,foodru_76435,Тост с бужениной,Тост с бужениной,
perekrestok:4425837,"Пирог Осетинский с картофелем и сыром Перекрёсток Select, 200г",matched->matched,foodru_46251,foodru_121272,Осетинский пирог с картошкой и сыром,Осетинский пирог с сыром и картофелем,
perekrestok:4427468,"Бефстроганов Слимкафе из курицы с грибами-овощами, 250г",review->matched,,foodru_235063,Бефстроганов из курицы с грибами,Бефстроганов из курицы с грибами,
perekrestok:4428530,"Соус Чесночный майонезный Перекрёсток Select, 30г",review->matched,,foodru_783,Сметанно-чесночный соус на майонезе,Сметанно-чесночный соус на майонезе,
perekrestok:4428967,"Тортилья с куриным филе хашбрауном и овощами Перекрёсток Select, 245г",review->matched,,foodru_11974,Тортилья с курицей и хашбрауном,Тортилья с курицей и хашбрауном,
perekrestok:4430712,"Курица Терияки Asiatique с рисом, 280г",review->matched,,foodru_103540,Нежная курочка терияки с рисом,Нежная курочка терияки с рисом,
perekrestok:4430871,"Лапша с Курицей Терияки Asiatique, 280г",review->matched,,foodru_1667,Курица терияки с лапшой,Курица терияки с лапшой,
perekrestok:4432804,"Соус Махеевъ Бургер-соус, 200г",review->matched,,foodru_199707,Классический соус для бургеров,Классический соус для бургеров,
perekrestok:4433332,"Хычин Delis Frost с картошкой и сыром замороженный, 580г",review->matched,,foodru_206648,Хычины с сыром и картофелем,Хычины с сыром и картофелем,
perekrestok:4435181,"Клаб Сэндвич двойной с курицей и беконом Перекрёсток Select, 200г",review->matched,,foodru_238773,Хрустящий сэндвич с куриным филе и беконом,Хрустящий сэндвич с куриным филе и беконом,
perekrestok:4436606,"Котлеты из куриной грудки Перекрёсток Select, 160г",matched->review,foodru_1352,,Куриные котлеты,Куриные котлеты,"missing_named_components, named_ingredient_unconfirmed, low_name_score"
perekrestok:4437243,"Клаб Сэндвич двойной с ветчиной и сыром Перекрёсток Select, 190г",matched->matched,foodru_1981,foodru_386,Клаб-сэндвич с ветчиной,Бутерброды с ветчиной и сыром,
perekrestok:4437462,"Мясо по-французски с курицей и шампиньонами Перекрёсток Select, 190г",review->matched,,foodru_101164,Мясо по-французски из куриного бедра с шампиньонами,Мясо по-французски из куриного бедра с шампиньонами,
perekrestok:4438506,"Винегрет овощной с маслом Перекрёсток Select, 170г",review->matched,,foodru_207474,Винегрет с овощами на оливковом масле,Винегрет с овощами на оливковом масле,
perekrestok:4442431,Суп-лапша грибная Перекрёсток Select 250г,matched->review,foodru_112852,,Суп-лапша с грибами,Суп-лапша с грибами,named_ingredient_unconfirmed
perekrestok:4442571,"Хычин Delis Frost с сыром и зеленью замороженный, 580г",review->matched,,foodru_259047,Хычины с сыром и зеленью,Хычины с сыром и зеленью,
perekrestok:4444017,"Макароны с сыром и зеленью Перекрёсток Select, 200г",matched->matched,foodru_121494,foodru_248618,Спагетти с сыром и зеленью,Спагетти с сыром и зеленью к ужину,
perekrestok:4444312,"Рис Hanok жареный с кимчи замороженный, 300г",review->matched,,foodru_73531,Кимчи с рисом,Кимчи с рисом,
perekrestok:4444924,"Блины пшеничные Перекрёсток Select, 200г",review->matched,,foodru_160131,Блины из пшеничной муки,Блины из пшеничной муки,
perekrestok:4444925,"Блины пшеничные Перекрёсток Select, 400г",review->matched,,foodru_160131,Блины из пшеничной муки,Блины из пшеничной муки,
perekrestok:4451160,"Шримп-ролл Перекрёсток Select, 220г",matched->review,foodru_4589,,Роллы с креветками,Роллы с креветками,ambiguous_roll_format
perekrestok:4452232,"Лазанья Болоньезе замороженная Перекрёсток Select, 200г",matched->matched,foodru_31341,foodru_235412,Лазанья болоньезе,Классическая лазанья болоньезе,
perekrestok:4454891,"Оладьи мини быстрозамороженные Перекресток Select, 250г",review->matched,,foodru_235474,Куриные оладьи,Оладьи по-домашнему,
perekrestok:4464484,"Чебупели сочные с мясом готовые замороженные Горячая штучка, 240г",matched->review,foodru_1488,,Фарш для пельменей,Фарш для пельменей,component_recipe_not_whole_dish
perekrestok:4473639,"Мини-сырники Звёздное Соло творожные Перекрёсток Select, 120г",review->matched,,foodru_418,Сырники из творога,Сырники из творога,
pyaterochka:3434303,Кордон Блю Мираторг с ветчиной и сыром 405г,review->matched,,foodru_163379,Классически кордон блю с ветчиной и сыром,Классически кордон блю с ветчиной и сыром,
pyaterochka:4150385,Лазанья Болоньезе с сыром в соусе Бешамель Мираторг 350г,review->matched,,foodru_84975,Сочная лазанья болоньезе с соусом бешамель,Сочная лазанья болоньезе с соусом бешамель,
pyaterochka:4315310,Салат Деревенский с курицей и фасолью Пятёрочка Кафе,review->matched,,foodru_167,Салат с курицей и фасолью,Салат с курицей и фасолью,
pyaterochka:4362369,Запеканка Вкус & Польза творожная с яблоком и корицей,review->matched,,foodru_133236,Нежная творожная запеканка с яблоками и корицей,Нежная творожная запеканка с яблоками и корицей,
pyaterochka:4385455,"Сэндвич с ветчиной Пятёрочка Кафе, 185г",matched->matched,foodru_268824,foodru_1981,Тосты с ветчиной и салатом,Клаб-сэндвич с ветчиной,
pyaterochka:4385456,Сэндвич с курицей и беконом Пятёрочка Кафе 185г,review->matched,,foodru_238773,Хрустящий сэндвич с куриным филе и беконом,Хрустящий сэндвич с куриным филе и беконом,
pyaterochka:4459593,"Шаурма с филе грудки куриной Вкус & Польза, 200г",matched->review,foodru_17305,,Шаурма с курицей,Шаурма с курицей,"missing_named_components, named_ingredient_unconfirmed, low_name_score"
pyaterochka:4464484,"Чебупели сочные с мясом готовые замороженные Горячая штучка, 240г",matched->review,foodru_1488,,Фарш для пельменей,Фарш для пельменей,component_recipe_not_whole_dish
pyaterochka:78038282,"Мини багет, 127г",review->matched,,foodru_54687,Мини-гренки с хлебцами и сыром,Классический багет,
pyaterochka:78038445,"Мини-пицца Пепперони, 165г",matched->matched,foodru_229302,foodru_1524,Мини-пицца «А-ля пепперони»,Пицца с пеперони,
